CDH13_Domain1	CDH17_Domain1	111	10
CDH13_Domain1	CDH17_Domain5	34	-5
CDH2_Domain5	CDH17_Domain7	86	0
CDH23_Domain22	CDH17_Domain7	28	-1
CDH23_Domain22	CDH17_Domain6	26	0
CDH8_Domain2	CDH17_Domain6	49	8
CDH8_Domain2	CDH17_Domain2	42	-6
CDH8_Domain2	CDH17_Domain3	40	13
CDH8_Domain2	CDH17_Domain7	29	0
CELSR1_Domain2	CDH17_Domain5	48	-1
CELSR1_Domain2	CDH17_Domain4	45	0
CELSR1_Domain2	CDH17_Domain7	40	-3
CELSR1_Domain2	CDH17_Domain1	38	9
CELSR2_Domain13	CDH17_Domain1	36	-11
DSG3_Domain1	CDH17_Domain3	90	12
DSG3_Domain1	CDH17_Domain1	88	11
DSG3_Domain1	CDH17_Domain4	40	-1
FAT1_Domain30	CDH17_Domain5	43	-3
FAT1_Domain30	CDH17_Domain4	41	-4
FAT1_Domain30	CDH17_Domain6	41	0
FAT1_Domain30	CDH17_Domain2	31	-4
IGF1R_Domain2	CDH17_Domain2	37	-3
NFKB1_Domain1	CDH17_Domain1	28	190
PCDH11X_Domain1	CDH17_Domain6	35	13
PCDH17_Domain2	CDH17_Domain1	74	14
PCDH17_Domain2	CDH17_Domain3	60	15
PCDH17_Domain2	CDH17_Domain6	33	0
PCDH8_Domain3	CDH17_Domain3	70	12
PCDH8_Domain3	CDH17_Domain1	51	11
PCDHA12_Domain4	CDH17_Domain1	67	8
PCDHA12_Domain4	CDH17_Domain3	56	9
PCDHAC2_Domain2	CDH17_Domain1	71	12
PCDHAC2_Domain2	CDH17_Domain3	42	13
PCDHAC2_Domain2	CDH17_Domain6	40	0
PCDHB13_Domain4	CDH17_Domain1	63	2
PCDHB13_Domain4	CDH17_Domain3	46	3
CDH13_Domain2	CDH17_Domain4	66	0
CDH13_Domain2	CDH17_Domain2	64	2
CDH20_Domain1	CDH17_Domain3	57	8
CDH20_Domain1	CDH17_Domain1	51	8
CDH20_Domain1	CDH17_Domain6	45	3
CDH23_Domain23	CDH17_Domain3	83	7
CDH23_Domain23	CDH17_Domain5	51	-1
CDH23_Domain23	CDH17_Domain6	45	0
CDH23_Domain23	CDH17_Domain4	31	0
CDH8_Domain3	CDH17_Domain5	71	-3
CDH8_Domain3	CDH17_Domain6	56	0
CDH8_Domain3	CDH17_Domain4	47	0
CDH8_Domain3	CDH17_Domain3	44	13
CELSR1_Domain3	CDH17_Domain7	50	-2
CELSR1_Domain3	CDH17_Domain1	42	9
CELSR1_Domain3	CDH17_Domain3	37	10
CELSR1_Domain3	CDH17_Domain4	31	-7
DCHS1_Domain17	CDH17_Domain6	86	3
DCHS1_Domain17	CDH17_Domain3	60	8
DCHS1_Domain17	CDH17_Domain5	32	-4
DSG3_Domain2	CDH17_Domain3	82	13
DSG3_Domain2	CDH17_Domain1	77	12
DSG3_Domain2	CDH17_Domain6	70	8
DSG3_Domain2	CDH17_Domain5	49	-2
FAT1_Domain31	CDH17_Domain3	58	9
FAT1_Domain31	CDH17_Domain1	51	8
FAT1_Domain31	CDH17_Domain5	24	-3
FAT2_Domain24	CDH17_Domain1	56	9
FAT2_Domain24	CDH17_Domain3	41	10
FAT2_Domain24	CDH17_Domain5	39	-6
FAT2_Domain24	CDH17_Domain6	30	0
FAT2_Domain24	CDH17_Domain4	26	0
PCDH11X_Domain2	CDH17_Domain3	61	14
PCDH11X_Domain2	CDH17_Domain1	48	13
PCDH11X_Domain2	CDH17_Domain7	33	3
PCDH17_Domain3	CDH17_Domain3	53	12
PCDH17_Domain3	CDH17_Domain1	48	11
PCDH17_Domain3	CDH17_Domain4	38	0
PCDH17_Domain3	CDH17_Domain6	25	0
PCDH8_Domain4	CDH17_Domain1	64	8
PCDH8_Domain4	CDH17_Domain3	55	9
PCDHA12_Domain5	CDH17_Domain3	76	14
PCDHA6_Domain1	CDH17_Domain3	56	4
PCDHA6_Domain1	CDH17_Domain1	49	3
PCDHA6_Domain1	CDH17_Domain6	24	-7
PCDHAC2_Domain3	CDH17_Domain6	81	7
PCDHAC2_Domain3	CDH17_Domain3	74	12
PCDHB13_Domain5	CDH17_Domain6	76	5
CDH13_Domain3	CDH17_Domain5	165	-3
CDH20_Domain2	CDH17_Domain6	56	8
CDH20_Domain2	CDH17_Domain2	44	-6
CDH20_Domain2	CDH17_Domain3	44	13
CDH20_Domain2	CDH17_Domain7	20	0
CDH23_Domain24	CDH17_Domain1	56	5
CDH23_Domain24	CDH17_Domain3	45	6
CDH23_Domain24	CDH17_Domain7	39	-5
CDH23_Domain24	CDH17_Domain5	36	-1
CDH23_Domain24	CDH17_Domain2	19	52
CDH8_Domain4	CDH17_Domain1	54	8
CDH8_Domain4	CDH17_Domain4	52	0
CDH8_Domain4	CDH17_Domain6	47	0
CDH8_Domain4	CDH17_Domain3	37	9
CDH8_Domain4	CDH17_Domain5	28	-7
CELSR1_Domain4	CDH17_Domain3	68	26
DCHS1_Domain18	CDH17_Domain1	45	8
DCHS1_Domain18	CDH17_Domain6	38	0
DCHS1_Domain18	CDH17_Domain3	33	32
DSG3_Domain3	CDH17_Domain5	85	-3
DSG3_Domain3	CDH17_Domain2	27	0
FAT2_Domain25	CDH17_Domain6	40	0
FAT2_Domain25	CDH17_Domain4	32	0
IGF1R_Domain4	CDH17_Domain5	22	-9
PCDH11X_Domain3	CDH17_Domain3	43	12
PCDH11X_Domain3	CDH17_Domain5	39	-4
PCDH17_Domain4	CDH17_Domain6	91	19
PCDH17_Domain4	CDH17_Domain3	80	24
PCDH17_Domain4	CDH17_Domain1	68	23
PCDH17_Domain4	CDH17_Domain2	28	7
PCDH8_Domain5	CDH17_Domain2	46	2
PCDH8_Domain5	CDH17_Domain4	43	0
PCDH8_Domain5	CDH17_Domain1	41	15
PCDH8_Domain5	CDH17_Domain3	34	16
PCDHA6_Domain2	CDH17_Domain1	78	-11
PCDHA6_Domain2	CDH17_Domain3	60	-10
PCDHA6_Domain2	CDH17_Domain7	42	-21
PCDHAC2_Domain4	CDH17_Domain6	78	-5
PCDHAC2_Domain4	CDH17_Domain3	70	0
PCDHAC2_Domain4	CDH17_Domain1	62	-1
PCDHAC2_Domain4	CDH17_Domain5	39	-16
PCDHB4_Domain2	CDH17_Domain6	67	4
PCDHB4_Domain2	CDH17_Domain4	39	-4
PCDHB4_Domain2	CDH17_Domain7	36	-2
SMAD1_Domain2	CDH17_Domain2	32	-45
CDH13_Domain4	CDH17_Domain6	66	3
CDH13_Domain4	CDH17_Domain5	54	-1
CDH20_Domain3	CDH17_Domain5	73	-3
CDH20_Domain3	CDH17_Domain6	42	0
CDH20_Domain3	CDH17_Domain3	34	13
CDH20_Domain3	CDH17_Domain2	29	0
CDH23_Domain25	CDH17_Domain3	28	-42
CDH8_Domain5	CDH17_Domain5	44	0
CELSR1_Domain5	CDH17_Domain5	55	-1
CELSR1_Domain5	CDH17_Domain4	43	0
CELSR1_Domain5	CDH17_Domain3	37	9
CNTN1_Domain1	CDH17_Domain3	41	8
DCHS1_Domain19	CDH17_Domain4	29	0
DSG3_Domain4	CDH17_Domain3	43	14
DSG3_Domain4	CDH17_Domain1	37	13
DSG3_Domain4	CDH17_Domain4	29	1
FAT1_Domain1	CDH17_Domain5	35	-2
FAT1_Domain1	CDH17_Domain3	27	20
FAT1_Domain33	CDH17_Domain4	42	-13
FAT1_Domain33	CDH17_Domain1	34	4
FAT2_Domain26	CDH17_Domain4	64	-4
FAT2_Domain26	CDH17_Domain2	41	2
FAT2_Domain26	CDH17_Domain5	29	-2
FAT2_Domain26	CDH17_Domain1	26	0
AGER_Domain2	CDH17_Domain4	39	9
CDH13_Domain5	CDH17_Domain7	58	-1
CDH13_Domain5	CDH17_Domain2	27	-7
CDH20_Domain4	CDH17_Domain1	100	8
CDH20_Domain4	CDH17_Domain6	73	4
CDH20_Domain4	CDH17_Domain3	54	9
CDH20_Domain4	CDH17_Domain4	31	0
CDH23_Domain26	CDH17_Domain6	51	17
CDH23_Domain26	CDH17_Domain3	47	22
CDH9_Domain1	CDH17_Domain3	58	9
CDH9_Domain1	CDH17_Domain1	49	9
CELSR1_Domain6	CDH17_Domain3	42	7
CELSR1_Domain6	CDH17_Domain1	22	24
DCHS1_Domain20	CDH17_Domain6	40	2
FAT1_Domain2	CDH17_Domain7	36	38
FAT1_Domain2	CDH17_Domain6	27	0
FAT2_Domain27	CDH17_Domain1	48	5
FAT2_Domain27	CDH17_Domain3	47	6
FAT2_Domain27	CDH17_Domain6	45	1
FAT2_Domain27	CDH17_Domain5	33	-1
PCDH11X_Domain5	CDH17_Domain3	92	8
PCDH9_Domain1	CDH17_Domain1	45	20
PCDH9_Domain1	CDH17_Domain3	40	21
PCDHA13_Domain2	CDH17_Domain7	48	2
PCDHA13_Domain2	CDH17_Domain3	44	13
PCDHA13_Domain2	CDH17_Domain1	33	-12
PCDHA6_Domain4	CDH17_Domain1	64	8
PCDHA6_Domain4	CDH17_Domain3	53	9
PCDHB14_Domain2	CDH17_Domain1	72	8
PCDHB14_Domain2	CDH17_Domain3	44	9
PCDHB14_Domain2	CDH17_Domain4	41	-4
PCDHB14_Domain2	CDH17_Domain7	31	-2
PCDHB4_Domain4	CDH17_Domain1	75	3
PCDHB4_Domain4	CDH17_Domain6	66	-1
PCDHB4_Domain4	CDH17_Domain3	52	4
PCDHB4_Domain4	CDH17_Domain5	37	-12
PCDHB4_Domain4	CDH17_Domain2	32	-13
SMAD3_Domain2	CDH17_Domain2	20	0
CDH15_Domain1	CDH17_Domain6	108	-9
CDH15_Domain1	CDH17_Domain1	92	-5
CDH15_Domain1	CDH17_Domain3	32	20
CDH20_Domain5	CDH17_Domain5	42	-1
CDH20_Domain5	CDH17_Domain4	40	0
CDH9_Domain2	CDH17_Domain6	53	8
CDH9_Domain2	CDH17_Domain2	46	-6
CDH9_Domain2	CDH17_Domain4	31	0
CDH9_Domain2	CDH17_Domain7	23	0
CELSR1_Domain7	CDH17_Domain4	46	-2
CELSR1_Domain7	CDH17_Domain1	43	10
CELSR1_Domain7	CDH17_Domain5	40	-1
DCHS1_Domain21	CDH17_Domain6	75	5
DCHS1_Domain21	CDH17_Domain1	54	9
DCHS1_Domain21	CDH17_Domain7	22	-1
FAT1_Domain35	CDH17_Domain4	39	-25
FAT2_Domain28	CDH17_Domain6	46	3
PCDH11X_Domain6	CDH17_Domain1	87	6
PCDH11X_Domain6	CDH17_Domain3	67	7
PCDH11X_Domain6	CDH17_Domain4	46	-6
PCDH11X_Domain6	CDH17_Domain6	27	0
PCDH18_Domain1	CDH17_Domain1	43	13
PCDH18_Domain1	CDH17_Domain3	42	14
PCDH9_Domain2	CDH17_Domain3	58	14
PCDH9_Domain2	CDH17_Domain1	53	13
PCDH9_Domain2	CDH17_Domain7	36	3
PCDH9_Domain2	CDH17_Domain2	32	23
PCDHA13_Domain3	CDH17_Domain3	61	12
PCDHA13_Domain3	CDH17_Domain2	43	2
PCDHA6_Domain5	CDH17_Domain3	76	14
PCDHB1_Domain1	CDH17_Domain3	43	2
PCDHB1_Domain1	CDH17_Domain1	42	2
PCDHB1_Domain1	CDH17_Domain4	41	-10
PCDHB14_Domain3	CDH17_Domain3	53	5
PCDHB14_Domain3	CDH17_Domain6	51	0
PCDHB14_Domain3	CDH17_Domain1	44	4
PGR_Domain1	CDH17_Domain6	42	44
AKT1_Domain1	CDH17_Domain6	16	0
CDH15_Domain2	CDH17_Domain2	57	2
CDH15_Domain2	CDH17_Domain6	27	0
CDH22_Domain1	CDH17_Domain3	55	8
CDH22_Domain1	CDH17_Domain1	51	8
CDH22_Domain1	CDH17_Domain6	44	4
CDH3_Domain1	CDH17_Domain1	82	11
CDH3_Domain1	CDH17_Domain3	70	12
CDH3_Domain1	CDH17_Domain6	54	7
CDH3_Domain1	CDH17_Domain5	40	-4
CDH9_Domain3	CDH17_Domain6	49	0
CDH9_Domain3	CDH17_Domain3	39	13
CDH9_Domain3	CDH17_Domain4	32	0
CELSR1_Domain8	CDH17_Domain6	43	1
CELSR1_Domain8	CDH17_Domain2	39	0
CELSR1_Domain8	CDH17_Domain3	34	6
DCHS1_Domain22	CDH17_Domain5	34	-10
FAT2_Domain29	CDH17_Domain1	52	6
FAT2_Domain29	CDH17_Domain4	39	-9
FAT2_Domain29	CDH17_Domain5	37	-5
FAT2_Domain29	CDH17_Domain6	19	0
PCDH11X_Domain7	CDH17_Domain1	27	17
PCDH18_Domain2	CDH17_Domain1	64	12
PCDH18_Domain2	CDH17_Domain3	39	13
PCDH9_Domain3	CDH17_Domain4	29	-3
PCDHA13_Domain4	CDH17_Domain1	58	8
PCDHA13_Domain4	CDH17_Domain3	47	9
PCDHB1_Domain2	CDH17_Domain3	66	9
PCDHB14_Domain4	CDH17_Domain1	70	3
CDH15_Domain3	CDH17_Domain5	102	-2
CDH15_Domain3	CDH17_Domain4	43	-1
CDH22_Domain2	CDH17_Domain5	53	-1
CDH22_Domain2	CDH17_Domain6	49	8
CDH22_Domain2	CDH17_Domain3	39	13
CDH22_Domain2	CDH17_Domain2	37	-6
CDH3_Domain2	CDH17_Domain4	90	1
CDH3_Domain2	CDH17_Domain6	44	0
CDH3_Domain2	CDH17_Domain2	36	0
CDH9_Domain4	CDH17_Domain1	75	8
CDH9_Domain4	CDH17_Domain6	45	0
CDH9_Domain4	CDH17_Domain4	40	0
CELSR1_Domain9	CDH17_Domain4	32	0
CELSR1_Domain9	CDH17_Domain6	23	0
CELSR1_Domain9	CDH17_Domain1	18	0
DCHS1_Domain23	CDH17_Domain5	40	-1
DCHS1_Domain23	CDH17_Domain3	29	10
FAT2_Domain30	CDH17_Domain6	85	4
FAT2_Domain30	CDH17_Domain3	81	9
FAT2_Domain30	CDH17_Domain1	77	8
FAT2_Domain30	CDH17_Domain5	48	-1
PCDH11Y_Domain1	CDH17_Domain6	35	13
PCDH18_Domain3	CDH17_Domain1	55	11
PCDH18_Domain3	CDH17_Domain3	46	12
PCDH9_Domain4	CDH17_Domain6	59	4
PCDH9_Domain4	CDH17_Domain3	56	9
PCDHA13_Domain5	CDH17_Domain3	77	14
PCDHA13_Domain5	CDH17_Domain5	32	-1
PCDHA7_Domain1	CDH17_Domain3	54	8
PCDHA7_Domain1	CDH17_Domain1	48	7
PCDHA7_Domain1	CDH17_Domain4	38	-5
PCDHB1_Domain3	CDH17_Domain3	46	9
PCDHB1_Domain3	CDH17_Domain5	40	-5
PCDHB1_Domain3	CDH17_Domain7	19	0
PCDHB14_Domain5	CDH17_Domain6	80	5
SPTAN1_Domain1	CDH17_Domain1	28	0
AKT1_Domain3	CDH17_Domain3	23	-63
CDH15_Domain4	CDH17_Domain6	46	3
CDH22_Domain3	CDH17_Domain5	53	-1
CDH22_Domain3	CDH17_Domain4	42	0
CDH3_Domain3	CDH17_Domain5	82	-2
CDH9_Domain5	CDH17_Domain5	36	0
CELSR3_Domain1	CDH17_Domain1	60	11
DCHS1_Domain24	CDH17_Domain1	68	23
DCHS1_Domain24	CDH17_Domain3	61	24
DCHS1_Domain24	CDH17_Domain5	52	-1
DCHS1_Domain24	CDH17_Domain4	39	8
FAT1_Domain6	CDH17_Domain6	86	4
FAT1_Domain6	CDH17_Domain3	64	9
FAT1_Domain6	CDH17_Domain1	45	8
FAT1_Domain6	CDH17_Domain4	34	0
FAT1_Domain6	CDH17_Domain5	33	-7
FAT2_Domain31	CDH17_Domain5	41	-1
FAT2_Domain31	CDH17_Domain6	36	0
PCDH11Y_Domain2	CDH17_Domain3	61	14
PCDH11Y_Domain2	CDH17_Domain1	48	13
PCDH11Y_Domain2	CDH17_Domain7	33	3
PCDH18_Domain4	CDH17_Domain6	89	4
PCDH18_Domain4	CDH17_Domain3	71	9
PCDH18_Domain4	CDH17_Domain1	64	8
PCDH9_Domain5	CDH17_Domain3	71	7
PCDH9_Domain5	CDH17_Domain4	41	0
PCDH9_Domain5	CDH17_Domain6	25	0
PCDHA13_Domain6	CDH17_Domain6	38	-2
PCDHA13_Domain6	CDH17_Domain3	31	3
PCDHA7_Domain2	CDH17_Domain7	45	2
PCDHA7_Domain2	CDH17_Domain3	40	13
PCDHB1_Domain4	CDH17_Domain6	81	4
PCDHB1_Domain4	CDH17_Domain3	69	9
PCDHB1_Domain4	CDH17_Domain1	67	8
PCDHB1_Domain4	CDH17_Domain4	18	38
PCDHB5_Domain2	CDH17_Domain1	75	8
SMARCA2_Domain4	CDH17_Domain3	33	39
WWC1_Domain3	CDH17_Domain7	35	48
CDH15_Domain5	CDH17_Domain7	52	2
CDH22_Domain4	CDH17_Domain1	66	8
CDH22_Domain4	CDH17_Domain4	55	0
CDH22_Domain4	CDH17_Domain6	52	0
CDH22_Domain4	CDH17_Domain5	42	-7
CDH22_Domain4	CDH17_Domain3	39	9
CDH3_Domain4	CDH17_Domain6	77	2
CDH3_Domain4	CDH17_Domain4	48	0
CDHR1_Domain1	CDH17_Domain6	49	0
CDHR1_Domain1	CDH17_Domain5	43	-1
CELSR3_Domain2	CDH17_Domain2	51	2
CELSR3_Domain2	CDH17_Domain5	48	-1
CELSR3_Domain2	CDH17_Domain3	43	16
CELSR3_Domain2	CDH17_Domain4	26	-2
DCHS1_Domain25	CDH17_Domain1	49	7
DCHS1_Domain25	CDH17_Domain5	49	-1
FAT1_Domain7	CDH17_Domain3	46	9
FAT1_Domain7	CDH17_Domain6	39	4
FAT1_Domain7	CDH17_Domain2	30	0
FAT2_Domain32	CDH17_Domain4	38	0
FAT2_Domain32	CDH17_Domain6	26	0
PCDH11Y_Domain3	CDH17_Domain3	43	12
PCDH11Y_Domain3	CDH17_Domain5	39	-4
PCDH18_Domain5	CDH17_Domain1	19	0
PCDH9_Domain6	CDH17_Domain4	37	-6
PCDHA2_Domain1	CDH17_Domain3	55	8
PCDHA2_Domain1	CDH17_Domain1	47	7
PCDHA2_Domain1	CDH17_Domain4	43	-5
PCDHA2_Domain1	CDH17_Domain6	24	-3
PCDHA7_Domain3	CDH17_Domain3	56	12
PCDHA7_Domain3	CDH17_Domain1	52	11
PCDHA7_Domain3	CDH17_Domain6	37	0
PCDHB1_Domain5	CDH17_Domain1	59	9
PCDHB15_Domain1	CDH17_Domain3	33	3
PCDHB5_Domain3	CDH17_Domain6	61	1
PCDHB5_Domain3	CDH17_Domain1	50	5
PCDHB5_Domain3	CDH17_Domain3	37	4
PCDHB5_Domain3	CDH17_Domain5	37	-10
CDH16_Domain1	CDH17_Domain1	92	5
CDH16_Domain1	CDH17_Domain3	59	6
CDH16_Domain1	CDH17_Domain4	35	-7
CDH22_Domain5	CDH17_Domain4	35	0
CDHR1_Domain2	CDH17_Domain6	35	-34
CDHR1_Domain2	CDH17_Domain1	33	8
CELSR3_Domain3	CDH17_Domain6	90	4
CELSR3_Domain3	CDH17_Domain7	64	-2
CELSR3_Domain3	CDH17_Domain4	51	-3
CELSR3_Domain3	CDH17_Domain3	49	9
CELSR3_Domain3	CDH17_Domain5	38	-3
CELSR3_Domain3	CDH17_Domain1	37	9
DCHS1_Domain26	CDH17_Domain6	43	8
FAT1_Domain8	CDH17_Domain6	44	0
FAT1_Domain8	CDH17_Domain4	41	-4
FAT1_Domain8	CDH17_Domain5	39	-8
PCDH11Y_Domain4	CDH17_Domain3	58	9
PCDH11Y_Domain4	CDH17_Domain1	56	8
PCDH11Y_Domain4	CDH17_Domain6	26	0
PCDH9_Domain7	CDH17_Domain6	41	4
PCDH9_Domain7	CDH17_Domain5	30	-3
PCDHA2_Domain2	CDH17_Domain1	83	-11
PCDHA2_Domain2	CDH17_Domain3	59	-10
PCDHA2_Domain2	CDH17_Domain7	37	-21
PCDHA7_Domain4	CDH17_Domain1	65	8
PCDHA7_Domain4	CDH17_Domain3	53	9
PCDHB15_Domain2	CDH17_Domain7	36	-2
PCDHB5_Domain4	CDH17_Domain1	65	3
PCDHB5_Domain4	CDH17_Domain3	42	4
PCDHB5_Domain4	CDH17_Domain2	35	-13
ATM_Domain1	CDH17_Domain3	32	482
CDH16_Domain2	CDH17_Domain2	149	-2
CDH16_Domain2	CDH17_Domain4	74	-4
CDH16_Domain2	CDH17_Domain5	61	-5
CDH23_Domain1	CDH17_Domain3	53	6
CDH23_Domain1	CDH17_Domain1	46	2
CDH23_Domain1	CDH17_Domain5	41	-10
CDH4_Domain1	CDH17_Domain1	107	11
CDH4_Domain1	CDH17_Domain3	95	12
CDHR1_Domain3	CDH17_Domain1	49	10
CDHR1_Domain3	CDH17_Domain2	43	-5
CDHR1_Domain3	CDH17_Domain5	43	-1
CELSR3_Domain4	CDH17_Domain3	85	9
CELSR3_Domain4	CDH17_Domain6	75	4
CELSR3_Domain4	CDH17_Domain1	64	8
DCHS1_Domain27	CDH17_Domain4	46	0
FAT1_Domain9	CDH17_Domain6	88	4
FAT1_Domain9	CDH17_Domain3	84	9
FAT1_Domain9	CDH17_Domain1	71	8
FAT1_Domain9	CDH17_Domain4	29	-7
PCDH11Y_Domain5	CDH17_Domain3	89	8
PCDH19_Domain1	CDH17_Domain1	47	11
PCDH19_Domain1	CDH17_Domain3	43	12
PCDHA1_Domain1	CDH17_Domain3	58	8
PCDHA1_Domain1	CDH17_Domain1	52	7
PCDHA1_Domain1	CDH17_Domain4	42	-5
PCDHA2_Domain3	CDH17_Domain6	99	7
PCDHA2_Domain3	CDH17_Domain1	65	11
PCDHA7_Domain5	CDH17_Domain3	76	14
PCDHB10_Domain1	CDH17_Domain1	43	2
PCDHB10_Domain1	CDH17_Domain4	40	-10
PCDHB10_Domain1	CDH17_Domain3	38	3
PCDHB15_Domain3	CDH17_Domain4	43	-8
PCDHB15_Domain3	CDH17_Domain1	42	4
PCDHB15_Domain3	CDH17_Domain3	41	5
PCDHB7_Domain3	CDH17_Domain1	47	4
PCDHB7_Domain3	CDH17_Domain3	39	5
PCDHB7_Domain3	CDH17_Domain2	35	-10
CDH1_Domain1	CDH17_Domain1	85	11
CDH1_Domain1	CDH17_Domain3	83	12
CDH1_Domain1	CDH17_Domain6	50	7
CDH1_Domain1	CDH17_Domain5	32	-4
CDH16_Domain3	CDH17_Domain3	124	-1
CDH16_Domain3	CDH17_Domain6	73	-6
CDH23_Domain2	CDH17_Domain2	41	2
CDH23_Domain2	CDH17_Domain5	39	-1
CDH23_Domain2	CDH17_Domain6	39	0
CDH4_Domain2	CDH17_Domain4	99	0
CDH4_Domain2	CDH17_Domain2	88	2
CDH4_Domain2	CDH17_Domain3	37	19
CELSR3_Domain5	CDH17_Domain4	54	-7
CELSR3_Domain5	CDH17_Domain6	43	0
CELSR3_Domain5	CDH17_Domain1	31	5
FAT1_Domain10	CDH17_Domain1	56	9
FAT1_Domain10	CDH17_Domain3	55	10
FAT1_Domain10	CDH17_Domain4	20	0
PCDH11Y_Domain6	CDH17_Domain1	87	6
PCDH11Y_Domain6	CDH17_Domain3	67	7
PCDH11Y_Domain6	CDH17_Domain4	46	-6
PCDH11Y_Domain6	CDH17_Domain6	27	0
PCDH19_Domain2	CDH17_Domain1	91	12
PCDH19_Domain2	CDH17_Domain3	63	13
PCDH19_Domain2	CDH17_Domain4	26	-22
PCDHA1_Domain2	CDH17_Domain1	60	-11
PCDHA1_Domain2	CDH17_Domain7	48	-21
PCDHA1_Domain2	CDH17_Domain3	46	-10
PCDHA1_Domain2	CDH17_Domain4	40	-23
PCDHA2_Domain4	CDH17_Domain1	67	8
PCDHA2_Domain4	CDH17_Domain3	53	9
PCDHB10_Domain2	CDH17_Domain6	65	4
PCDHB15_Domain4	CDH17_Domain1	71	3
PCDHB15_Domain4	CDH17_Domain3	40	4
PCDHB15_Domain4	CDH17_Domain2	28	-13
CDH1_Domain2	CDH17_Domain2	50	3
CDH16_Domain4	CDH17_Domain4	49	0
CDH16_Domain4	CDH17_Domain2	45	-2
CDH16_Domain4	CDH17_Domain3	39	13
CDH23_Domain3	CDH17_Domain1	24	0
CDH4_Domain3	CDH17_Domain5	131	-2
CDHR1_Domain5	CDH17_Domain6	52	3
CDHR1_Domain5	CDH17_Domain3	36	8
CELSR3_Domain6	CDH17_Domain3	51	7
FAT2_Domain4	CDH17_Domain5	39	-1
FAT2_Domain4	CDH17_Domain4	35	0
NTRK2_Domain5	CDH17_Domain4	30	65
PCDH11Y_Domain7	CDH17_Domain1	27	17
PCDH19_Domain3	CDH17_Domain3	63	12
PCDHA1_Domain3	CDH17_Domain3	71	12
PCDHA1_Domain3	CDH17_Domain1	55	11
PCDHA1_Domain3	CDH17_Domain4	25	0
PCDHA2_Domain5	CDH17_Domain3	78	14
PCDHA8_Domain1	CDH17_Domain3	48	8
PCDHA8_Domain1	CDH17_Domain1	42	7
PCDHA8_Domain1	CDH17_Domain6	22	-3
PCDHB10_Domain3	CDH17_Domain6	48	2
PCDHB10_Domain3	CDH17_Domain3	47	5
PCDHB10_Domain3	CDH17_Domain1	33	4
PCDHB15_Domain5	CDH17_Domain6	78	5
PCDHB7_Domain1	CDH17_Domain4	39	-10
PCDHB7_Domain1	CDH17_Domain3	38	2
CDH16_Domain5	CDH17_Domain5	58	-6
CDH16_Domain5	CDH17_Domain6	31	1
CDH16_Domain5	CDH17_Domain3	28	-7
CDH23_Domain4	CDH17_Domain4	22	1
CDH4_Domain4	CDH17_Domain6	56	3
CDH4_Domain4	CDH17_Domain4	43	-1
CELSR3_Domain7	CDH17_Domain3	82	10
CELSR3_Domain7	CDH17_Domain1	78	9
CELSR3_Domain7	CDH17_Domain5	30	-1
FAT1_Domain12	CDH17_Domain4	60	-11
FAT1_Domain12	CDH17_Domain6	46	0
FAT1_Domain12	CDH17_Domain3	44	5
FAT2_Domain5	CDH17_Domain2	40	2
FAT2_Domain5	CDH17_Domain7	36	-36
PCDH12_Domain1	CDH17_Domain4	48	-1
PCDH12_Domain1	CDH17_Domain1	43	11
PCDH12_Domain1	CDH17_Domain6	30	0
PCDH19_Domain4	CDH17_Domain1	63	7
PCDH19_Domain4	CDH17_Domain4	36	-8
PCDH19_Domain4	CDH17_Domain6	29	-34
PCDHA1_Domain4	CDH17_Domain1	68	8
PCDHA1_Domain4	CDH17_Domain3	53	9
PCDHA8_Domain2	CDH17_Domain1	72	-11
PCDHA8_Domain2	CDH17_Domain3	57	-10
PCDHA8_Domain2	CDH17_Domain7	42	-21
PCDHB10_Domain4	CDH17_Domain1	65	3
PCDHB10_Domain4	CDH17_Domain3	37	4
PCDHB10_Domain4	CDH17_Domain2	30	-13
PCDHB10_Domain4	CDH17_Domain4	28	-61
PCDHB7_Domain2	CDH17_Domain4	39	-4
PCDHB7_Domain2	CDH17_Domain7	34	-2
CDH1_Domain4	CDH17_Domain6	59	3
CDH16_Domain6	CDH17_Domain6	62	-4
CDH16_Domain6	CDH17_Domain4	29	-64
CDH23_Domain5	CDH17_Domain4	52	-8
CDH23_Domain5	CDH17_Domain1	44	4
CDH23_Domain5	CDH17_Domain3	36	5
CDH4_Domain5	CDH17_Domain7	96	0
CELSR3_Domain8	CDH17_Domain3	37	6
CELSR3_Domain8	CDH17_Domain2	33	0
FAT1_Domain13	CDH17_Domain1	50	9
FAT1_Domain13	CDH17_Domain3	35	10
FAT1_Domain13	CDH17_Domain4	24	0
FAT2_Domain6	CDH17_Domain6	72	4
FAT2_Domain6	CDH17_Domain1	55	8
FAT2_Domain6	CDH17_Domain3	52	9
PCDH12_Domain2	CDH17_Domain1	53	12
PCDH12_Domain2	CDH17_Domain3	44	13
PCDH12_Domain2	CDH17_Domain4	36	0
PCDH19_Domain5	CDH17_Domain6	77	9
PCDH19_Domain5	CDH17_Domain3	69	14
PCDH19_Domain5	CDH17_Domain7	28	3
PCDHA1_Domain5	CDH17_Domain3	76	14
PCDHA3_Domain1	CDH17_Domain1	47	7
PCDHA3_Domain1	CDH17_Domain3	46	8
PCDHA3_Domain1	CDH17_Domain4	41	-5
PCDHA3_Domain1	CDH17_Domain6	27	-3
PCDHA8_Domain3	CDH17_Domain3	60	12
PCDHA8_Domain3	CDH17_Domain7	46	1
PCDHA8_Domain3	CDH17_Domain1	43	11
PCDHA8_Domain3	CDH17_Domain4	37	-1
PCDHA8_Domain3	CDH17_Domain6	30	0
CDH17_Domain1	CDH17_Domain1	492	0
CDH17_Domain1	CDH17_Domain3	101	1
CDH23_Domain6	CDH17_Domain1	67	13
CDH23_Domain6	CDH17_Domain3	47	14
CDH23_Domain6	CDH17_Domain2	33	0
CDH5_Domain1	CDH17_Domain1	56	7
CDH5_Domain1	CDH17_Domain6	52	2
CDH5_Domain1	CDH17_Domain3	44	7
CDHR2_Domain2	CDH17_Domain7	35	22
EHF_Domain1	CDH17_Domain1	25	-30
FAT1_Domain14	CDH17_Domain7	44	-2
FAT1_Domain14	CDH17_Domain6	38	0
FAT1_Domain14	CDH17_Domain4	28	0
FAT2_Domain7	CDH17_Domain6	51	4
FAT2_Domain7	CDH17_Domain5	44	-1
FAT2_Domain7	CDH17_Domain4	35	-9
PCDH12_Domain3	CDH17_Domain6	72	7
PCDH12_Domain3	CDH17_Domain3	69	12
PCDH12_Domain3	CDH17_Domain1	56	11
PCDH12_Domain3	CDH17_Domain5	50	-4
PCDH12_Domain3	CDH17_Domain4	45	-1
PCDH12_Domain3	CDH17_Domain2	42	-5
PCDH19_Domain6	CDH17_Domain6	64	3
PCDHA3_Domain2	CDH17_Domain7	47	2
PCDHA3_Domain2	CDH17_Domain3	44	13
PCDHA3_Domain2	CDH17_Domain1	19	0
PCDHA8_Domain4	CDH17_Domain3	54	9
PCDHB16_Domain2	CDH17_Domain1	68	8
PCDHB16_Domain2	CDH17_Domain3	55	9
PCDHB16_Domain2	CDH17_Domain4	44	-4
PCDHB7_Domain4	CDH17_Domain6	64	-1
PCDHB7_Domain4	CDH17_Domain1	56	3
PCDHB7_Domain4	CDH17_Domain3	47	4
PCDHB7_Domain4	CDH17_Domain2	37	-13
CDH10_Domain1	CDH17_Domain1	57	9
CDH10_Domain1	CDH17_Domain3	50	9
CDH17_Domain2	CDH17_Domain2	571	0
CDH17_Domain2	CDH17_Domain4	41	1
CDH23_Domain7	CDH17_Domain3	47	9
CDH23_Domain7	CDH17_Domain6	43	6
CDH23_Domain7	CDH17_Domain1	42	10
CDH5_Domain2	CDH17_Domain6	36	0
CDHR2_Domain3	CDH17_Domain1	46	15
DCHS1_Domain1	CDH17_Domain3	49	11
DCHS1_Domain1	CDH17_Domain1	46	4
DCHS1_Domain1	CDH17_Domain6	27	0
FAT1_Domain15	CDH17_Domain5	45	-12
FAT1_Domain15	CDH17_Domain6	39	0
FAT1_Domain15	CDH17_Domain4	28	0
FAT2_Domain8	CDH17_Domain4	47	-4
FAT2_Domain8	CDH17_Domain5	41	-8
FAT2_Domain8	CDH17_Domain6	34	0
PCDH12_Domain4	CDH17_Domain3	68	10
PCDH20_Domain1	CDH17_Domain1	51	49
PCDH20_Domain1	CDH17_Domain3	44	50
PCDH20_Domain1	CDH17_Domain4	17	0
PCDHA10_Domain1	CDH17_Domain3	55	8
PCDHA10_Domain1	CDH17_Domain1	49	7
PCDHA10_Domain1	CDH17_Domain6	20	-3
PCDHA3_Domain3	CDH17_Domain6	69	7
PCDHA3_Domain3	CDH17_Domain4	43	-1
PCDHA8_Domain5	CDH17_Domain3	76	14
PCDHB11_Domain1	CDH17_Domain3	42	3
PCDHB11_Domain1	CDH17_Domain1	41	2
PCDHB11_Domain1	CDH17_Domain4	39	-10
PCDHB16_Domain3	CDH17_Domain6	54	0
PCDHB16_Domain3	CDH17_Domain3	47	5
PCDHB16_Domain3	CDH17_Domain1	40	4
PCDHB7_Domain5	CDH17_Domain6	80	5
PCDHB7_Domain5	CDH17_Domain3	56	10
CDH10_Domain2	CDH17_Domain6	60	8
CDH10_Domain2	CDH17_Domain2	48	-6
CDH10_Domain2	CDH17_Domain3	46	13
CDH10_Domain2	CDH17_Domain4	42	-5
CDH10_Domain2	CDH17_Domain7	22	0
CDH17_Domain3	CDH17_Domain3	504	0
CDH17_Domain3	CDH17_Domain1	101	-1
CDH17_Domain3	CDH17_Domain6	89	-5
CDH17_Domain3	CDH17_Domain4	23	0
CDH23_Domain8	CDH17_Domain7	41	3
CDH5_Domain3	CDH17_Domain4	49	0
CDH5_Domain3	CDH17_Domain6	44	0
CDHR2_Domain4	CDH17_Domain1	55	16
CDHR2_Domain4	CDH17_Domain4	34	-31
DCHS1_Domain2	CDH17_Domain1	68	15
DCHS1_Domain2	CDH17_Domain6	62	11
DSC1_Domain1	CDH17_Domain3	96	12
DSC1_Domain1	CDH17_Domain1	83	11
DSC1_Domain1	CDH17_Domain6	47	7
EHMT2_Domain2	CDH17_Domain3	31	-14
FAT1_Domain16	CDH17_Domain4	41	5
FAT1_Domain16	CDH17_Domain1	39	17
FAT1_Domain16	CDH17_Domain3	39	18
FAT2_Domain9	CDH17_Domain6	117	4
FAT2_Domain9	CDH17_Domain3	87	9
NCAM1_Domain7	CDH17_Domain7	32	-54
PCDH20_Domain2	CDH17_Domain3	70	15
PCDH20_Domain2	CDH17_Domain7	51	4
PCDH20_Domain2	CDH17_Domain4	18	-1
PCDHA10_Domain2	CDH17_Domain7	41	2
PCDHA10_Domain2	CDH17_Domain4	34	0
PCDHA3_Domain4	CDH17_Domain6	67	4
PCDHA3_Domain4	CDH17_Domain1	60	8
PCDHA3_Domain4	CDH17_Domain3	60	9
PCDHB11_Domain2	CDH17_Domain4	39	-4
PCDHB11_Domain2	CDH17_Domain2	33	-2
PCDHB11_Domain2	CDH17_Domain7	33	-2
PCDHB16_Domain4	CDH17_Domain1	72	3
PCDHB16_Domain4	CDH17_Domain3	41	4
PCDHB16_Domain4	CDH17_Domain2	29	-13
TGFBR2_Domain1	CDH17_Domain6	24	157
BSG_Domain2	CDH17_Domain7	24	60
CDH10_Domain3	CDH17_Domain5	70	-3
CDH10_Domain3	CDH17_Domain3	51	13
CDH10_Domain3	CDH17_Domain6	38	0
CDH10_Domain3	CDH17_Domain2	25	0
CDH17_Domain4	CDH17_Domain4	514	0
CDH17_Domain4	CDH17_Domain6	31	0
CDH17_Domain4	CDH17_Domain3	21	0
CDH23_Domain9	CDH17_Domain1	61	8
CDH5_Domain4	CDH17_Domain1	48	6
CDH5_Domain4	CDH17_Domain3	44	7
CDH5_Domain4	CDH17_Domain4	39	-9
CDH5_Domain4	CDH17_Domain2	38	53
CDH5_Domain4	CDH17_Domain6	36	6
CDHR2_Domain5	CDH17_Domain4	36	-3
DCHS1_Domain3	CDH17_Domain1	77	10
DCHS1_Domain3	CDH17_Domain5	47	-5
DCHS1_Domain3	CDH17_Domain4	36	-4
DCHS1_Domain3	CDH17_Domain6	30	0
DSC1_Domain2	CDH17_Domain4	90	0
DSC1_Domain2	CDH17_Domain2	54	-3
DSC1_Domain2	CDH17_Domain1	47	15
DSC1_Domain2	CDH17_Domain6	35	0
FAT1_Domain17	CDH17_Domain5	34	-1
FAT2_Domain10	CDH17_Domain1	74	8
FAT2_Domain10	CDH17_Domain3	66	9
PCDH1_Domain1	CDH17_Domain1	45	14
PCDH1_Domain1	CDH17_Domain3	42	15
PCDH1_Domain1	CDH17_Domain6	38	-2
PCDH1_Domain1	CDH17_Domain4	37	2
PCDH20_Domain3	CDH17_Domain3	34	119
PCDHA3_Domain5	CDH17_Domain3	76	14
PCDHA9_Domain1	CDH17_Domain3	53	8
PCDHA9_Domain1	CDH17_Domain1	47	7
PCDHA9_Domain1	CDH17_Domain4	37	-5
PCDHA9_Domain1	CDH17_Domain6	21	-3
PCDHB11_Domain3	CDH17_Domain6	61	2
PCDHB11_Domain3	CDH17_Domain5	46	-9
PCDHB11_Domain3	CDH17_Domain2	37	-6
PCDHB11_Domain3	CDH17_Domain4	36	-8
PCDHB11_Domain3	CDH17_Domain1	35	4
PCDHB11_Domain3	CDH17_Domain3	35	7
PCDHB16_Domain5	CDH17_Domain3	56	10
PCDHB8_Domain1	CDH17_Domain4	46	-10
CDH10_Domain4	CDH17_Domain1	67	8
CDH10_Domain4	CDH17_Domain3	56	9
CDH10_Domain4	CDH17_Domain6	56	0
CDH10_Domain4	CDH17_Domain4	48	0
CDH17_Domain5	CDH17_Domain5	558	0
CDH17_Domain5	CDH17_Domain6	42	17
CDH23_Domain10	CDH17_Domain1	48	10
CDH23_Domain10	CDH17_Domain3	36	11
CDH23_Domain10	CDH17_Domain6	31	0
CDH5_Domain5	CDH17_Domain7	40	1
CDH5_Domain5	CDH17_Domain5	28	0
CDHR2_Domain6	CDH17_Domain5	62	-3
CDHR2_Domain6	CDH17_Domain4	44	1
CDHR2_Domain6	CDH17_Domain6	42	4
CDHR2_Domain6	CDH17_Domain2	35	0
CELSR2_Domain1	CDH17_Domain1	62	11
CELSR2_Domain1	CDH17_Domain3	45	12
CELSR3_Domain13	CDH17_Domain1	31	-11
DCHS1_Domain4	CDH17_Domain1	78	9
DCHS1_Domain4	CDH17_Domain3	77	10
DCHS1_Domain4	CDH17_Domain5	32	-12
DSC1_Domain3	CDH17_Domain5	103	-2
FAT1_Domain18	CDH17_Domain3	32	6
MYH10_Domain2	CDH17_Domain1	32	305
PCDH1_Domain2	CDH17_Domain3	56	16
PCDH1_Domain2	CDH17_Domain7	47	5
PCDH1_Domain2	CDH17_Domain5	36	-1
PCDH1_Domain2	CDH17_Domain4	35	0
PCDH15_Domain1	CDH17_Domain1	44	11
PCDH15_Domain1	CDH17_Domain3	42	12
PCDH20_Domain4	CDH17_Domain6	101	3
PCDH20_Domain4	CDH17_Domain3	56	8
PCDH20_Domain4	CDH17_Domain7	50	-3
PCDHA10_Domain4	CDH17_Domain3	65	9
PCDHA9_Domain2	CDH17_Domain7	45	2
PCDHA9_Domain2	CDH17_Domain3	40	13
PCDHB11_Domain4	CDH17_Domain1	57	3
PCDHB11_Domain4	CDH17_Domain3	42	4
PCDHB11_Domain4	CDH17_Domain4	38	-12
PCDHB8_Domain2	CDH17_Domain1	71	8
PCDHB8_Domain2	CDH17_Domain3	54	9
CDH10_Domain5	CDH17_Domain5	46	0
CDH17_Domain6	CDH17_Domain6	497	0
CDH17_Domain6	CDH17_Domain3	92	5
CDH17_Domain6	CDH17_Domain5	42	-17
CDH17_Domain6	CDH17_Domain4	31	0
CDH23_Domain11	CDH17_Domain1	64	9
CDH23_Domain11	CDH17_Domain3	61	10
CDH23_Domain11	CDH17_Domain5	48	-1
CDH6_Domain1	CDH17_Domain3	56	9
CDH6_Domain1	CDH17_Domain1	51	9
CDHR2_Domain7	CDH17_Domain1	63	16
CDHR2_Domain7	CDH17_Domain3	49	17
CELSR2_Domain2	CDH17_Domain5	53	-1
CELSR2_Domain2	CDH17_Domain4	33	-4
CELSR2_Domain2	CDH17_Domain7	32	-55
DCHS1_Domain5	CDH17_Domain6	76	4
DSC1_Domain4	CDH17_Domain6	54	3
FAT2_Domain12	CDH17_Domain5	43	-11
FAT2_Domain12	CDH17_Domain6	38	0
FAT2_Domain12	CDH17_Domain4	37	-11
FN1_Domain2	CDH17_Domain6	26	-55
PCDH1_Domain3	CDH17_Domain3	77	11
PCDH1_Domain3	CDH17_Domain6	67	6
PCDH1_Domain3	CDH17_Domain1	51	10
PCDH15_Domain2	CDH17_Domain5	28	-1
PCDH20_Domain5	CDH17_Domain6	94	2
PCDH20_Domain5	CDH17_Domain1	87	6
PCDH20_Domain5	CDH17_Domain3	73	7
PCDHA10_Domain5	CDH17_Domain3	80	14
PCDHA10_Domain5	CDH17_Domain7	35	3
PCDHA4_Domain1	CDH17_Domain3	52	8
PCDHA4_Domain1	CDH17_Domain1	46	7
PCDHA4_Domain1	CDH17_Domain4	38	-5
PCDHA4_Domain1	CDH17_Domain6	27	-3
PCDHA9_Domain3	CDH17_Domain3	57	12
PCDHA9_Domain3	CDH17_Domain1	53	11
PCDHA9_Domain3	CDH17_Domain6	37	0
PCDHB11_Domain5	CDH17_Domain6	79	5
PCDHB11_Domain5	CDH17_Domain3	57	10
PCDHB2_Domain1	CDH17_Domain1	42	2
PCDHB2_Domain1	CDH17_Domain3	42	2
PCDHB8_Domain3	CDH17_Domain4	49	-8
CDH11_Domain1	CDH17_Domain3	66	10
CDH11_Domain1	CDH17_Domain1	52	9
CDH11_Domain1	CDH17_Domain4	27	-46
CDH17_Domain7	CDH17_Domain7	581	0
CDH6_Domain2	CDH17_Domain6	60	8
CDH6_Domain2	CDH17_Domain2	46	-6
CDH6_Domain2	CDH17_Domain3	46	13
CDH6_Domain2	CDH17_Domain7	22	0
CDHR2_Domain8	CDH17_Domain3	35	23
CELSR2_Domain3	CDH17_Domain7	62	-2
CELSR2_Domain3	CDH17_Domain3	49	9
CELSR2_Domain3	CDH17_Domain2	48	2
CELSR2_Domain3	CDH17_Domain1	46	9
CELSR2_Domain3	CDH17_Domain4	46	-3
CELSR2_Domain3	CDH17_Domain6	40	0
DCHS1_Domain6	CDH17_Domain6	56	6
DCHS1_Domain6	CDH17_Domain5	46	-1
DCHS1_Domain6	CDH17_Domain3	40	11
FAT1_Domain20	CDH17_Domain6	54	0
FAT1_Domain20	CDH17_Domain3	40	5
FAT1_Domain20	CDH17_Domain4	29	-10
PCDH1_Domain4	CDH17_Domain3	64	15
PCDH15_Domain3	CDH17_Domain7	35	53
PCDH20_Domain6	CDH17_Domain7	26	0
PCDHA4_Domain2	CDH17_Domain7	47	2
PCDHA4_Domain2	CDH17_Domain3	46	13
PCDHA9_Domain4	CDH17_Domain1	74	8
PCDHA9_Domain4	CDH17_Domain3	57	9
PCDHB2_Domain2	CDH17_Domain1	82	12
PCDHB2_Domain2	CDH17_Domain4	50	0
PCDHB2_Domain2	CDH17_Domain2	36	2
PCDHB2_Domain2	CDH17_Domain7	31	2
PCDHB2_Domain2	CDH17_Domain6	20	0
PCDHB8_Domain4	CDH17_Domain1	59	3
PCDHB8_Domain4	CDH17_Domain3	50	4
CDH11_Domain2	CDH17_Domain6	56	8
CDH11_Domain2	CDH17_Domain5	49	-1
CDH11_Domain2	CDH17_Domain2	41	-6
CDH18_Domain1	CDH17_Domain3	65	9
CDH18_Domain1	CDH17_Domain1	50	9
CDH18_Domain1	CDH17_Domain6	46	4
CDH23_Domain13	CDH17_Domain6	56	5
CDH23_Domain13	CDH17_Domain3	52	9
CDH6_Domain3	CDH17_Domain5	59	-3
CDH6_Domain3	CDH17_Domain3	45	13
CDH6_Domain3	CDH17_Domain4	26	0
CDHR2_Domain9	CDH17_Domain4	21	0
CELSR2_Domain4	CDH17_Domain3	73	9
CELSR2_Domain4	CDH17_Domain1	50	8
CELSR2_Domain4	CDH17_Domain2	43	-4
CELSR2_Domain4	CDH17_Domain6	35	0
DSC3_Domain1	CDH17_Domain3	96	12
DSC3_Domain1	CDH17_Domain1	92	11
DSC3_Domain1	CDH17_Domain6	55	7
FAT1_Domain21	CDH17_Domain3	59	11
FAT2_Domain14	CDH17_Domain5	32	-3
PCDH1_Domain5	CDH17_Domain1	75	9
PCDH1_Domain5	CDH17_Domain3	67	10
PCDH1_Domain5	CDH17_Domain4	36	-3
PCDH15_Domain4	CDH17_Domain1	52	17
PCDH15_Domain4	CDH17_Domain3	45	20
PCDH7_Domain1	CDH17_Domain1	44	18
PCDH7_Domain1	CDH17_Domain4	42	6
PCDH7_Domain1	CDH17_Domain3	41	19
PCDH7_Domain1	CDH17_Domain6	39	3
PCDH7_Domain1	CDH17_Domain2	30	-5
PCDHA11_Domain1	CDH17_Domain3	52	8
PCDHA11_Domain1	CDH17_Domain1	47	7
PCDHA11_Domain1	CDH17_Domain4	37	-5
PCDHA11_Domain1	CDH17_Domain6	27	-3
PCDHA4_Domain3	CDH17_Domain6	30	0
PCDHA9_Domain5	CDH17_Domain3	76	14
PCDHB12_Domain1	CDH17_Domain3	46	3
PCDHB12_Domain1	CDH17_Domain1	45	2
PCDHB12_Domain1	CDH17_Domain4	40	-10
PCDHB2_Domain3	CDH17_Domain3	49	5
PCDHB2_Domain3	CDH17_Domain1	37	4
PCDHB9_Domain3	CDH17_Domain6	47	2
PCDHB9_Domain3	CDH17_Domain3	45	5
PCDHB9_Domain3	CDH17_Domain1	36	4
CDH11_Domain3	CDH17_Domain5	70	-3
CDH11_Domain3	CDH17_Domain6	55	0
CDH11_Domain3	CDH17_Domain3	41	13
CDH18_Domain2	CDH17_Domain6	56	8
CDH18_Domain2	CDH17_Domain5	55	-1
CDH18_Domain2	CDH17_Domain3	44	13
CDH18_Domain2	CDH17_Domain2	41	-6
CDH18_Domain2	CDH17_Domain7	19	0
CDH23_Domain14	CDH17_Domain3	109	12
CDH23_Domain14	CDH17_Domain6	92	7
CDH23_Domain14	CDH17_Domain4	36	-1
CDH23_Domain14	CDH17_Domain1	29	29
CDH6_Domain4	CDH17_Domain1	77	8
CDH6_Domain4	CDH17_Domain6	77	4
CDHR5_Domain1	CDH17_Domain3	42	-42
CDHR5_Domain1	CDH17_Domain1	37	-43
CELSR2_Domain5	CDH17_Domain4	37	-7
DCHS1_Domain8	CDH17_Domain6	81	3
DSC3_Domain2	CDH17_Domain4	96	0
DSC3_Domain2	CDH17_Domain2	40	-3
DSC3_Domain2	CDH17_Domain3	30	16
FAT1_Domain22	CDH17_Domain4	43	-7
FAT1_Domain22	CDH17_Domain6	36	0
PCDH1_Domain6	CDH17_Domain1	67	6
PCDH1_Domain6	CDH17_Domain3	62	7
PCDH1_Domain6	CDH17_Domain6	62	2
PCDH1_Domain6	CDH17_Domain4	36	-6
PCDH15_Domain5	CDH17_Domain4	33	0
PCDH15_Domain5	CDH17_Domain2	26	0
PCDH7_Domain2	CDH17_Domain3	60	69
PCDH7_Domain2	CDH17_Domain6	57	64
PCDH7_Domain2	CDH17_Domain1	56	68
PCDH7_Domain2	CDH17_Domain4	47	0
PCDH7_Domain2	CDH17_Domain7	38	58
PCDH7_Domain2	CDH17_Domain5	30	112
PCDHA11_Domain2	CDH17_Domain3	42	-10
PCDHA11_Domain2	CDH17_Domain7	42	-21
PCDHA4_Domain4	CDH17_Domain1	65	8
PCDHA4_Domain4	CDH17_Domain3	53	9
PCDHB12_Domain2	CDH17_Domain1	70	8
PCDHB12_Domain2	CDH17_Domain4	39	-4
PCDHB12_Domain2	CDH17_Domain2	33	-2
PCDHB12_Domain2	CDH17_Domain7	33	-2
PCDHB2_Domain4	CDH17_Domain1	76	3
PCDHB2_Domain4	CDH17_Domain3	46	4
CDH11_Domain4	CDH17_Domain1	72	8
CDH11_Domain4	CDH17_Domain3	70	9
CDH11_Domain4	CDH17_Domain6	47	0
CDH11_Domain4	CDH17_Domain4	44	0
CDH11_Domain4	CDH17_Domain2	20	0
CDH18_Domain3	CDH17_Domain5	67	-3
CDH18_Domain3	CDH17_Domain4	33	0
CDH18_Domain3	CDH17_Domain2	30	0
CDH18_Domain3	CDH17_Domain3	30	13
CDH23_Domain15	CDH17_Domain6	33	0
CDH6_Domain5	CDH17_Domain5	37	0
CELSR2_Domain6	CDH17_Domain4	34	-6
DCHS1_Domain9	CDH17_Domain6	33	21
DSC3_Domain3	CDH17_Domain5	76	-2
FAT1_Domain23	CDH17_Domain6	52	3
FAT2_Domain16	CDH17_Domain1	45	17
FAT2_Domain16	CDH17_Domain3	45	18
FAT2_Domain16	CDH17_Domain4	42	5
FAT2_Domain16	CDH17_Domain6	41	13
PCDH1_Domain7	CDH17_Domain2	40	-4
PCDH1_Domain7	CDH17_Domain7	32	-2
PCDH15_Domain6	CDH17_Domain3	36	6
PCDHA11_Domain3	CDH17_Domain7	38	0
PCDHA4_Domain5	CDH17_Domain3	80	14
PCDHAC1_Domain1	CDH17_Domain1	41	9
PCDHAC1_Domain1	CDH17_Domain3	36	10
PCDHB12_Domain3	CDH17_Domain6	59	2
PCDHB12_Domain3	CDH17_Domain3	45	7
PCDHB12_Domain3	CDH17_Domain2	39	-6
PCDHB12_Domain3	CDH17_Domain1	38	4
PCDHB12_Domain3	CDH17_Domain4	38	-8
PCDHB9_Domain1	CDH17_Domain1	45	2
PCDHB9_Domain1	CDH17_Domain4	40	-10
PCDHB9_Domain1	CDH17_Domain3	39	3
CADM3_Domain3	CDH17_Domain6	16	0
CDH11_Domain5	CDH17_Domain7	56	9
CDH11_Domain5	CDH17_Domain5	31	4
CDH18_Domain4	CDH17_Domain4	57	0
CDH18_Domain4	CDH17_Domain1	54	8
CDH18_Domain4	CDH17_Domain6	51	0
CDH23_Domain16	CDH17_Domain1	43	13
CDH23_Domain16	CDH17_Domain3	39	14
CDH23_Domain16	CDH17_Domain5	35	0
CDH7_Domain1	CDH17_Domain3	57	8
CDH7_Domain1	CDH17_Domain1	51	8
CELSR2_Domain7	CDH17_Domain3	88	10
CELSR2_Domain7	CDH17_Domain5	39	-1
DCHS1_Domain10	CDH17_Domain6	35	0
DSC3_Domain4	CDH17_Domain6	68	3
DSC3_Domain4	CDH17_Domain3	40	10
FAT1_Domain24	CDH17_Domain7	32	0
FAT2_Domain17	CDH17_Domain1	50	5
FAT2_Domain17	CDH17_Domain3	46	6
LCP1_Domain3	CDH17_Domain4	24	62
PCDH10_Domain1	CDH17_Domain3	49	8
PCDH10_Domain1	CDH17_Domain1	45	7
PCDH10_Domain1	CDH17_Domain4	43	-5
PCDH15_Domain7	CDH17_Domain3	79	5
PCDH15_Domain7	CDH17_Domain1	72	4
PCDH7_Domain4	CDH17_Domain3	51	16
PCDH7_Domain4	CDH17_Domain1	46	15
PCDHA11_Domain4	CDH17_Domain3	55	9
PCDHAC1_Domain2	CDH17_Domain1	80	12
PCDHB12_Domain4	CDH17_Domain1	66	3
PCDHB12_Domain4	CDH17_Domain3	48	4
PCDHB9_Domain2	CDH17_Domain1	72	8
PCDHB9_Domain2	CDH17_Domain4	43	-4
SETDB1_Domain5	CDH17_Domain2	36	41
SETDB1_Domain5	CDH17_Domain1	34	389
VAV1_Domain3	CDH17_Domain3	30	13
CDH12_Domain1	CDH17_Domain3	60	9
CDH12_Domain1	CDH17_Domain6	52	4
CDH12_Domain1	CDH17_Domain1	48	9
CDH18_Domain5	CDH17_Domain5	40	0
CDH18_Domain5	CDH17_Domain4	39	1
CDH23_Domain17	CDH17_Domain1	67	10
CDH23_Domain17	CDH17_Domain4	39	-2
CDH23_Domain17	CDH17_Domain2	34	0
CDH23_Domain17	CDH17_Domain7	27	0
CDH7_Domain2	CDH17_Domain6	51	8
CDH7_Domain2	CDH17_Domain3	48	11
CDH7_Domain2	CDH17_Domain2	39	-6
CDH7_Domain2	CDH17_Domain7	23	0
CELSR2_Domain8	CDH17_Domain6	48	1
CELSR2_Domain8	CDH17_Domain3	45	6
CELSR2_Domain8	CDH17_Domain2	30	0
DCHS1_Domain11	CDH17_Domain3	77	4
DCHS1_Domain11	CDH17_Domain1	53	3
DCHS1_Domain11	CDH17_Domain7	44	-7
DCHS1_Domain11	CDH17_Domain4	39	-6
DSC3_Domain5	CDH17_Domain2	32	-12
DSC3_Domain5	CDH17_Domain5	31	-8
FAT1_Domain25	CDH17_Domain1	43	9
FAT1_Domain25	CDH17_Domain6	43	0
FAT1_Domain25	CDH17_Domain3	33	10
FAT2_Domain18	CDH17_Domain6	60	2
FAT2_Domain18	CDH17_Domain1	35	0
PCDH10_Domain2	CDH17_Domain1	44	31
PCDH10_Domain2	CDH17_Domain4	39	19
PCDH10_Domain2	CDH17_Domain3	29	32
PCDH15_Domain8	CDH17_Domain1	49	10
PCDH15_Domain8	CDH17_Domain3	39	11
PCDH15_Domain8	CDH17_Domain5	37	-1
PCDH15_Domain8	CDH17_Domain6	27	0
PCDH7_Domain5	CDH17_Domain3	76	8
PCDHA11_Domain5	CDH17_Domain3	80	14
PCDHA5_Domain1	CDH17_Domain3	55	4
PCDHA5_Domain1	CDH17_Domain1	47	3
PCDHAC1_Domain3	CDH17_Domain6	39	0
PCDHB12_Domain5	CDH17_Domain6	77	5
PCDHB3_Domain1	CDH17_Domain3	41	2
PCDHB5_Domain5	CDH17_Domain6	80	5
PCDHB5_Domain5	CDH17_Domain3	56	10
CDH12_Domain2	CDH17_Domain5	55	-1
CDH12_Domain2	CDH17_Domain6	53	8
CDH12_Domain2	CDH17_Domain2	43	2
CDH12_Domain2	CDH17_Domain3	42	13
CDH12_Domain2	CDH17_Domain7	27	0
CDH2_Domain1	CDH17_Domain1	99	11
CDH2_Domain1	CDH17_Domain3	78	12
CDH2_Domain1	CDH17_Domain4	39	-1
CDH2_Domain1	CDH17_Domain5	28	-4
CDH23_Domain18	CDH17_Domain4	44	-7
CDH23_Domain18	CDH17_Domain2	43	-8
CDH23_Domain18	CDH17_Domain3	42	9
CDH23_Domain18	CDH17_Domain6	37	4
CDH7_Domain3	CDH17_Domain2	40	0
CDH7_Domain3	CDH17_Domain3	37	13
CELF1_Domain1	CDH17_Domain1	25	-73
CELSR2_Domain9	CDH17_Domain4	36	0
CELSR2_Domain9	CDH17_Domain6	30	0
CELSR3_Domain21	CDH17_Domain7	29	-25
DCHS1_Domain12	CDH17_Domain6	30	0
DCHS1_Domain12	CDH17_Domain4	26	0
DSG2_Domain1	CDH17_Domain3	98	14
DSG2_Domain1	CDH17_Domain1	92	13
DSG2_Domain1	CDH17_Domain4	44	1
FAT1_Domain26	CDH17_Domain6	46	8
FAT1_Domain26	CDH17_Domain3	39	12
FAT2_Domain19	CDH17_Domain3	49	5
FAT2_Domain19	CDH17_Domain1	44	4
NEO1_Domain7	CDH17_Domain1	33	7
PCDH10_Domain3	CDH17_Domain3	62	12
PCDH10_Domain3	CDH17_Domain6	56	7
PCDH10_Domain3	CDH17_Domain1	46	11
PCDH15_Domain9	CDH17_Domain5	49	-1
PCDH7_Domain6	CDH17_Domain3	62	7
PCDH7_Domain6	CDH17_Domain4	35	0
PCDH7_Domain6	CDH17_Domain1	21	0
PCDHA5_Domain2	CDH17_Domain1	68	-11
PCDHA5_Domain2	CDH17_Domain3	47	-10
PCDHA5_Domain2	CDH17_Domain7	45	-21
PCDHAC1_Domain4	CDH17_Domain3	75	1
PCDHAC1_Domain4	CDH17_Domain6	67	-4
PCDHAC1_Domain4	CDH17_Domain1	30	6
PCDHB3_Domain2	CDH17_Domain1	71	8
PCDHB3_Domain2	CDH17_Domain3	52	9
PCDHB3_Domain2	CDH17_Domain4	42	-4
PCDHB9_Domain4	CDH17_Domain1	70	3
PCDHB9_Domain4	CDH17_Domain3	47	4
PCDHB9_Domain4	CDH17_Domain4	36	-61
PCDHB9_Domain4	CDH17_Domain2	32	-13
CDH12_Domain3	CDH17_Domain5	80	-3
CDH12_Domain3	CDH17_Domain3	51	13
CDH12_Domain3	CDH17_Domain6	48	0
CDH12_Domain3	CDH17_Domain4	36	0
CDH2_Domain2	CDH17_Domain4	113	0
CDH2_Domain2	CDH17_Domain2	106	2
CDH2_Domain2	CDH17_Domain5	51	-1
CDH2_Domain2	CDH17_Domain3	38	19
CDH23_Domain19	CDH17_Domain1	44	13
CDH7_Domain4	CDH17_Domain1	72	8
CDH7_Domain4	CDH17_Domain4	65	0
CDH7_Domain4	CDH17_Domain6	47	0
CDH7_Domain4	CDH17_Domain5	34	-7
CELSR2_Domain10	CDH17_Domain5	37	-4
DCHS1_Domain13	CDH17_Domain6	60	3
DCHS1_Domain13	CDH17_Domain3	36	8
DCHS1_Domain13	CDH17_Domain1	29	7
DSG2_Domain2	CDH17_Domain5	61	-2
DSG2_Domain2	CDH17_Domain4	60	-1
DSG2_Domain2	CDH17_Domain2	58	1
DSG2_Domain2	CDH17_Domain3	37	13
FAT1_Domain27	CDH17_Domain3	66	12
FAT1_Domain27	CDH17_Domain4	60	-4
FAT1_Domain27	CDH17_Domain1	32	8
FAT2_Domain20	CDH17_Domain3	62	11
FAT2_Domain20	CDH17_Domain2	40	-2
FAT2_Domain20	CDH17_Domain4	37	-2
FAT2_Domain20	CDH17_Domain7	34	0
PCDH10_Domain4	CDH17_Domain6	91	4
PCDH10_Domain4	CDH17_Domain3	82	9
PCDH10_Domain4	CDH17_Domain1	56	8
PCDH15_Domain10	CDH17_Domain1	49	4
PCDH15_Domain10	CDH17_Domain3	47	5
PCDH15_Domain10	CDH17_Domain6	45	0
PCDHA12_Domain1	CDH17_Domain3	53	8
PCDHA12_Domain1	CDH17_Domain1	47	7
PCDHA12_Domain1	CDH17_Domain4	37	-5
PCDHA12_Domain1	CDH17_Domain6	21	-3
PCDHA5_Domain3	CDH17_Domain1	57	11
PCDHA5_Domain3	CDH17_Domain6	24	0
PCDHAC1_Domain5	CDH17_Domain6	36	0
PCDHAC1_Domain5	CDH17_Domain4	34	0
PCDHAC1_Domain5	CDH17_Domain7	20	42
PCDHB13_Domain1	CDH17_Domain4	46	-10
PCDHB3_Domain3	CDH17_Domain3	45	5
PCDHB3_Domain3	CDH17_Domain1	37	4
PCDHB3_Domain3	CDH17_Domain2	36	-10
SH3GLB2_Domain1	CDH17_Domain4	25	186
ADGRE5_Domain3	CDH17_Domain4	33	-4
CDH12_Domain4	CDH17_Domain6	53	0
CDH12_Domain4	CDH17_Domain4	51	0
CDH2_Domain3	CDH17_Domain5	160	-2
CDH23_Domain20	CDH17_Domain1	79	8
CDH23_Domain20	CDH17_Domain6	68	4
CDH7_Domain5	CDH17_Domain5	43	-1
DCHS1_Domain14	CDH17_Domain1	29	0
DSG2_Domain3	CDH17_Domain5	49	-3
DSG2_Domain3	CDH17_Domain1	33	19
FAT1_Domain28	CDH17_Domain6	74	3
FAT1_Domain28	CDH17_Domain3	49	8
FAT1_Domain28	CDH17_Domain5	45	-1
FAT2_Domain21	CDH17_Domain6	43	0
LTF_Domain1	CDH17_Domain6	36	0
PCDH10_Domain5	CDH17_Domain6	30	0
PCDH15_Domain11	CDH17_Domain3	38	12
PCDH15_Domain11	CDH17_Domain6	32	7
PCDH8_Domain1	CDH17_Domain1	41	9
PCDH8_Domain1	CDH17_Domain3	39	10
PCDH8_Domain1	CDH17_Domain4	38	-3
PCDHA12_Domain2	CDH17_Domain1	65	12
PCDHA12_Domain2	CDH17_Domain4	42	0
PCDHA12_Domain2	CDH17_Domain7	42	2
PCDHA5_Domain4	CDH17_Domain1	63	8
PCDHA5_Domain4	CDH17_Domain3	49	9
PCDHB13_Domain2	CDH17_Domain1	72	8
PCDHB13_Domain2	CDH17_Domain3	55	9
PCDHB3_Domain4	CDH17_Domain1	76	3
PCDHB3_Domain4	CDH17_Domain3	45	4
CDH2_Domain4	CDH17_Domain6	78	3
CDH2_Domain4	CDH17_Domain4	26	37
CDH23_Domain21	CDH17_Domain1	26	0
CDH8_Domain1	CDH17_Domain3	61	10
CDH8_Domain1	CDH17_Domain1	55	9
CDH8_Domain1	CDH17_Domain6	48	4
CDH8_Domain1	CDH17_Domain2	32	-4
CDH8_Domain1	CDH17_Domain5	32	-27
CELSR1_Domain1	CDH17_Domain1	74	11
CELSR1_Domain1	CDH17_Domain6	67	7
CELSR1_Domain1	CDH17_Domain2	39	-1
CLSTN1_Domain1	CDH17_Domain3	33	31
CLSTN1_Domain1	CDH17_Domain1	30	30
DCHS1_Domain15	CDH17_Domain3	72	7
DCHS1_Domain15	CDH17_Domain6	63	2
DCHS1_Domain15	CDH17_Domain1	62	6
DCHS1_Domain15	CDH17_Domain5	36	-9
DSG2_Domain4	CDH17_Domain1	40	14
DSG2_Domain4	CDH17_Domain3	37	15
FAT1_Domain29	CDH17_Domain3	46	9
FAT1_Domain29	CDH17_Domain5	45	-1
FAT2_Domain22	CDH17_Domain6	57	3
FAT2_Domain22	CDH17_Domain3	55	8
LTF_Domain2	CDH17_Domain2	34	78
PCDH10_Domain6	CDH17_Domain7	49	0
PCDH17_Domain1	CDH17_Domain1	57	18
PCDH17_Domain1	CDH17_Domain3	43	19
PCDH8_Domain2	CDH17_Domain3	56	14
PCDHA5_Domain5	CDH17_Domain3	78	14
PCDHA5_Domain5	CDH17_Domain6	70	9
PCDHAC2_Domain1	CDH17_Domain3	37	10
PCDHAC2_Domain1	CDH17_Domain1	33	8
PCDHB13_Domain3	CDH17_Domain4	46	-8
PCDHB3_Domain5	CDH17_Domain6	80	5
PCDHB3_Domain5	CDH17_Domain3	56	10
PCDHB4_Domain3	CDH17_Domain3	40	5
PCDHB4_Domain3	CDH17_Domain1	36	4
PCDHA13_Domain1	CDH17_Domain3	58	4
PCDHA13_Domain1	CDH17_Domain1	51	3
PCDHA13_Domain1	CDH17_Domain4	46	-9
PCDHA13_Domain1	CDH17_Domain6	24	-7
PCDHA6_Domain3	CDH17_Domain3	60	12
PCDHA6_Domain3	CDH17_Domain7	46	1
PCDHA6_Domain3	CDH17_Domain1	43	11
PCDHA6_Domain3	CDH17_Domain4	37	-1
PCDHA6_Domain3	CDH17_Domain6	23	0
PCDHAC2_Domain5	CDH17_Domain5	39	-1
PCDHB14_Domain1	CDH17_Domain5	35	-19
PCDH17_Domain5	CDH17_Domain4	38	0
PCDH17_Domain5	CDH17_Domain3	36	15
PCDH17_Domain5	CDH17_Domain6	33	0
PCDH8_Domain6	CDH17_Domain7	46	-1
PCDH11X_Domain4	CDH17_Domain3	57	9
PCDH11X_Domain4	CDH17_Domain1	55	8
PCDH11X_Domain4	CDH17_Domain6	26	0
PCDHB10_Domain5	CDH17_Domain3	56	10
PCDHB16_Domain1	CDH17_Domain4	43	-10
PCDHB16_Domain1	CDH17_Domain3	41	2
